{
	"format_version": "1.12.0",
	"minecraft:entity": {
		"description": {
			"identifier": "minecraft:fireball",
			"is_spawnable": false,
			"is_summonable": true,
			"is_experimental": false
		},
		"component_groups": {},
		"components": {
			"minecraft:collision_box": {
				"width": 1,
				"height": 1
			},
			"minecraft:projectile": {
				"on_hit": {
					"impact_damage": {
						"damage": 0,
						"knockback": false,
						"semi_random_diff_damage": false
					},
					"definition_event": {
						"affect_projectile": true,
						"event_trigger": {
							"event": "minecraft:explode",
							"target": "self"
						}
					}
				},
				"power": 1.6,
				"gravity": 0,
				"inertia": 1,
				"liquid_inertia": 1,
				"uncertainty_base": 0,
				"uncertainty_multiplier": 0,
				"anchor": 0,
				"offset": [0, 0, 0],
				"reflect_on_hurt": true,
				"catch_fire": true
			},
			"minecraft:physics": {},
			"minecraft:pushable": {
				"is_pushable": false,
				"is_pushable_by_piston": true
			},
			"minecraft:conditional_bandwidth_optimization": {
				"default_values": {
					"max_optimized_distance": 80,
					"max_dropped_ticks": 7,
					"use_motion_prediction_hints": true
				}
			}
		},
		"events": {
			"minecraft:explode": {
				"queue_command": {
					"command": "scriptevent Amazing:fireball explode"
				}
			}
		}
	}
}
