{
	"format_version": "1.12.0",
	"minecraft:entity": {
		"description": {
			"identifier": "amazing:text_display",
			"is_spawnable": false,
			"is_summonable": true
		},
		"component_groups": {},
		"components": {
			"minecraft:collision_box": {
				"width": 0.0001,
				"height": 0.0001
			},
			"minecraft:physics": {
				"has_collision": false,
				"has_gravity": false,
				"push_towards_closest_space": false
			},
			"minecraft:pushable": {
				"is_pushable": false,
				"is_pushable_by_piston": false
			},
			"minecraft:health": {
				"max": 1,
				"value": 1
			},
			"minecraft:damage_sensor": {
				"triggers": [
					{
						"cause": "all",
						"deals_damage": false
					}
				]
			},
			"minecraft:nameable": {
				"always_show": true
			}
		},
		"events": {}
	}
}
